ページ	URL	種別	確認内容	判定	補足（NGの時のみ）
生物多様性とは？ | アーバンネイチャー北九州	http://localhost:10004/about/biodiversity/	表示確認	見た目はモックアップ通りに見えますか？（崩れ・文字化け・画像抜けがないか）		
全体像 | アーバンネイチャー北九州	http://localhost:10004/about/	表示確認	見た目はモックアップ通りに見えますか？（崩れ・文字化け・画像抜けがないか）		
北九州市の自然スポット | アーバンネイチャー北九州	http://localhost:10004/about/spots/	表示確認	見た目はモックアップ通りに見えますか？（崩れ・文字化け・画像抜けがないか）		
合馬竹林公園 | アーバンネイチャー北九州	http://localhost:10004/about/spots/auma/	表示確認	見た目はモックアップ通りに見えますか？（崩れ・文字化け・画像抜けがないか）		
北九州市の取り組み | アーバンネイチャー北九州	http://localhost:10004/about/strategy/	表示確認	見た目はモックアップ通りに見えますか？（崩れ・文字化け・画像抜けがないか）		
活動ブログ | アーバンネイチャー北九州	http://localhost:10004/blog/	表示確認	見た目はモックアップ通りに見えますか？（崩れ・文字化け・画像抜けがないか）		
北九州市響灘ビオトープ | アーバンネイチャー北九州	http://localhost:10004/center/biotope/	表示確認	見た目はモックアップ通りに見えますか？（崩れ・文字化け・画像抜けがないか）		
活動拠点 | アーバンネイチャー北九州	http://localhost:10004/center/	表示確認	見た目はモックアップ通りに見えますか？（崩れ・文字化け・画像抜けがないか）		
お問合せ | アーバンネイチャー北九州	http://localhost:10004/contact/	表示確認	見た目はモックアップ通りに見えますか？（崩れ・文字化け・画像抜けがないか）		
参加申し込み｜企業向け生態系保全体験プログラム ― ビオトープづくり | アーバンネイチャー北九州	http://localhost:10004/events/biotope-kigyo-apply/	表示確認	見た目はモックアップ通りに見えますか？（崩れ・文字化け・画像抜けがないか）		
企業向け生態系保全体験プログラム ― ビオトープづくり | アーバンネイチャー北九州	http://localhost:10004/events/biotope-kigyo/	表示確認	見た目はモックアップ通りに見えますか？（崩れ・文字化け・画像抜けがないか）		
参加申し込み｜平尾台 春の自然観察会 | アーバンネイチャー北九州	http://localhost:10004/events/hiraodai-kansatsukai-apply/	表示確認	見た目はモックアップ通りに見えますか？（崩れ・文字化け・画像抜けがないか）		
イベント | アーバンネイチャー北九州	http://localhost:10004/events/	表示確認	見た目はモックアップ通りに見えますか？（崩れ・文字化け・画像抜けがないか）		
参加申し込み｜曽根干潟クリーンアップ大作戦 2026春 | アーバンネイチャー北九州	http://localhost:10004/events/sone-higata-cleanup-apply/	表示確認	見た目はモックアップ通りに見えますか？（崩れ・文字化け・画像抜けがないか）		
参加申し込み｜夏休み自然体験キャンプ ― 2泊3日で学ぶ北九州の自然 | アーバンネイチャー北九州	http://localhost:10004/events/summer-camp-apply/	表示確認	見た目はモックアップ通りに見えますか？（崩れ・文字化け・画像抜けがないか）		
アーバンネイチャー北九州 | 都市と自然、近いからこそおもしろい。	http://localhost:10004/	表示確認	見た目はモックアップ通りに見えますか？（崩れ・文字化け・画像抜けがないか）		
会員募集 | アーバンネイチャー北九州	http://localhost:10004/join/	表示確認	見た目はモックアップ通りに見えますか？（崩れ・文字化け・画像抜けがないか）		
自然共生サイト | アーバンネイチャー北九州	http://localhost:10004/nature-symbiosis/	表示確認	見た目はモックアップ通りに見えますか？（崩れ・文字化け・画像抜けがないか）		
活動実績 | アーバンネイチャー北九州	http://localhost:10004/network/cases/	表示確認	見た目はモックアップ通りに見えますか？（崩れ・文字化け・画像抜けがないか）		
株式会社マイン | 実践事例 | アーバンネイチャー北九州	http://localhost:10004/network/cases/mine/	表示確認	見た目はモックアップ通りに見えますか？（崩れ・文字化け・画像抜けがないか）		
響灘ビオトープ共同事業体 | アーバンネイチャー北九州	http://localhost:10004/network/hibikinadabiotope/	表示確認	見た目はモックアップ通りに見えますか？（崩れ・文字化け・画像抜けがないか）		
地域との繋がり | アーバンネイチャー北九州	http://localhost:10004/network/	表示確認	見た目はモックアップ通りに見えますか？（崩れ・文字化け・画像抜けがないか）		
お知らせ | アーバンネイチャー北九州	http://localhost:10004/news/	表示確認	見た目はモックアップ通りに見えますか？（崩れ・文字化け・画像抜けがないか）		
アーバンネイチャー北九州のサイトをリニューアルしました | お知らせ | アーバンネイチャー北九州	http://localhost:10004/news/site-renewal/	表示確認	見た目はモックアップ通りに見えますか？（崩れ・文字化け・画像抜けがないか）		
みんなの写真展 | アーバンネイチャー北九州	http://localhost:10004/photos/	表示確認	見た目はモックアップ通りに見えますか？（崩れ・文字化け・画像抜けがないか）		
写真を投稿する | みんなの写真展 | アーバンネイチャー北九州	http://localhost:10004/photos/submit/	表示確認	見た目はモックアップ通りに見えますか？（崩れ・文字化け・画像抜けがないか）		
プライバシーポリシー | アーバンネイチャー北九州	http://localhost:10004/privacy/	表示確認	見た目はモックアップ通りに見えますか？（崩れ・文字化け・画像抜けがないか）		
生物多様性とは？ | アーバンネイチャー北九州	http://localhost:10004/about/biodiversity/	レスポンシブ	スマホで見て、文字や画像が重なったりはみ出したりしていませんか？		
全体像 | アーバンネイチャー北九州	http://localhost:10004/about/	レスポンシブ	スマホで見て、文字や画像が重なったりはみ出したりしていませんか？		
北九州市の自然スポット | アーバンネイチャー北九州	http://localhost:10004/about/spots/	レスポンシブ	スマホで見て、文字や画像が重なったりはみ出したりしていませんか？		
合馬竹林公園 | アーバンネイチャー北九州	http://localhost:10004/about/spots/auma/	レスポンシブ	スマホで見て、文字や画像が重なったりはみ出したりしていませんか？		
北九州市の取り組み | アーバンネイチャー北九州	http://localhost:10004/about/strategy/	レスポンシブ	スマホで見て、文字や画像が重なったりはみ出したりしていませんか？		
活動ブログ | アーバンネイチャー北九州	http://localhost:10004/blog/	レスポンシブ	スマホで見て、文字や画像が重なったりはみ出したりしていませんか？		
北九州市響灘ビオトープ | アーバンネイチャー北九州	http://localhost:10004/center/biotope/	レスポンシブ	スマホで見て、文字や画像が重なったりはみ出したりしていませんか？		
活動拠点 | アーバンネイチャー北九州	http://localhost:10004/center/	レスポンシブ	スマホで見て、文字や画像が重なったりはみ出したりしていませんか？		
お問合せ | アーバンネイチャー北九州	http://localhost:10004/contact/	レスポンシブ	スマホで見て、文字や画像が重なったりはみ出したりしていませんか？		
参加申し込み｜企業向け生態系保全体験プログラム ― ビオトープづくり | アーバンネイチャー北九州	http://localhost:10004/events/biotope-kigyo-apply/	レスポンシブ	スマホで見て、文字や画像が重なったりはみ出したりしていませんか？		
企業向け生態系保全体験プログラム ― ビオトープづくり | アーバンネイチャー北九州	http://localhost:10004/events/biotope-kigyo/	レスポンシブ	スマホで見て、文字や画像が重なったりはみ出したりしていませんか？		
参加申し込み｜平尾台 春の自然観察会 | アーバンネイチャー北九州	http://localhost:10004/events/hiraodai-kansatsukai-apply/	レスポンシブ	スマホで見て、文字や画像が重なったりはみ出したりしていませんか？		
イベント | アーバンネイチャー北九州	http://localhost:10004/events/	レスポンシブ	スマホで見て、文字や画像が重なったりはみ出したりしていませんか？		
参加申し込み｜曽根干潟クリーンアップ大作戦 2026春 | アーバンネイチャー北九州	http://localhost:10004/events/sone-higata-cleanup-apply/	レスポンシブ	スマホで見て、文字や画像が重なったりはみ出したりしていませんか？		
参加申し込み｜夏休み自然体験キャンプ ― 2泊3日で学ぶ北九州の自然 | アーバンネイチャー北九州	http://localhost:10004/events/summer-camp-apply/	レスポンシブ	スマホで見て、文字や画像が重なったりはみ出したりしていませんか？		
アーバンネイチャー北九州 | 都市と自然、近いからこそおもしろい。	http://localhost:10004/	レスポンシブ	スマホで見て、文字や画像が重なったりはみ出したりしていませんか？		
会員募集 | アーバンネイチャー北九州	http://localhost:10004/join/	レスポンシブ	スマホで見て、文字や画像が重なったりはみ出したりしていませんか？		
自然共生サイト | アーバンネイチャー北九州	http://localhost:10004/nature-symbiosis/	レスポンシブ	スマホで見て、文字や画像が重なったりはみ出したりしていませんか？		
活動実績 | アーバンネイチャー北九州	http://localhost:10004/network/cases/	レスポンシブ	スマホで見て、文字や画像が重なったりはみ出したりしていませんか？		
株式会社マイン | 実践事例 | アーバンネイチャー北九州	http://localhost:10004/network/cases/mine/	レスポンシブ	スマホで見て、文字や画像が重なったりはみ出したりしていませんか？		
響灘ビオトープ共同事業体 | アーバンネイチャー北九州	http://localhost:10004/network/hibikinadabiotope/	レスポンシブ	スマホで見て、文字や画像が重なったりはみ出したりしていませんか？		
地域との繋がり | アーバンネイチャー北九州	http://localhost:10004/network/	レスポンシブ	スマホで見て、文字や画像が重なったりはみ出したりしていませんか？		
お知らせ | アーバンネイチャー北九州	http://localhost:10004/news/	レスポンシブ	スマホで見て、文字や画像が重なったりはみ出したりしていませんか？		
アーバンネイチャー北九州のサイトをリニューアルしました | お知らせ | アーバンネイチャー北九州	http://localhost:10004/news/site-renewal/	レスポンシブ	スマホで見て、文字や画像が重なったりはみ出したりしていませんか？		
みんなの写真展 | アーバンネイチャー北九州	http://localhost:10004/photos/	レスポンシブ	スマホで見て、文字や画像が重なったりはみ出したりしていませんか？		
写真を投稿する | みんなの写真展 | アーバンネイチャー北九州	http://localhost:10004/photos/submit/	レスポンシブ	スマホで見て、文字や画像が重なったりはみ出したりしていませんか？		
プライバシーポリシー | アーバンネイチャー北九州	http://localhost:10004/privacy/	レスポンシブ	スマホで見て、文字や画像が重なったりはみ出したりしていませんか？		
お問合せ | アーバンネイチャー北九州	http://localhost:10004/contact/	フォーム送信	フォームに入力して送信すると「送信完了」の画面が表示され、担当者にメールが届きましたか？		
参加申し込み｜企業向け生態系保全体験プログラム ― ビオトープづくり | アーバンネイチャー北九州	http://localhost:10004/events/biotope-kigyo-apply/	フォーム送信	フォームに入力して送信すると「送信完了」の画面が表示され、担当者にメールが届きましたか？		
参加申し込み｜平尾台 春の自然観察会 | アーバンネイチャー北九州	http://localhost:10004/events/hiraodai-kansatsukai-apply/	フォーム送信	フォームに入力して送信すると「送信完了」の画面が表示され、担当者にメールが届きましたか？		
参加申し込み｜曽根干潟クリーンアップ大作戦 2026春 | アーバンネイチャー北九州	http://localhost:10004/events/sone-higata-cleanup-apply/	フォーム送信	フォームに入力して送信すると「送信完了」の画面が表示され、担当者にメールが届きましたか？		
参加申し込み｜夏休み自然体験キャンプ ― 2泊3日で学ぶ北九州の自然 | アーバンネイチャー北九州	http://localhost:10004/events/summer-camp-apply/	フォーム送信	フォームに入力して送信すると「送信完了」の画面が表示され、担当者にメールが届きましたか？		
会員募集 | アーバンネイチャー北九州	http://localhost:10004/join/	フォーム送信	フォームに入力して送信すると「送信完了」の画面が表示され、担当者にメールが届きましたか？		
写真を投稿する | みんなの写真展 | アーバンネイチャー北九州	http://localhost:10004/photos/submit/	フォーム送信	フォームに入力して送信すると「送信完了」の画面が表示され、担当者にメールが届きましたか？		